{"QuoteColor":"#FFFEFDFB","QuoteWidth":653.6363636363635,"QuoteFontSize":49.636363636363605,"QuoteFirstAlphabetFontSize":99.27272727272721,"AuthorFontSize":33.09090909090907,"QuoteTime":"00:01:00","WindowTop":91.0,"WindowLeft":115.0}